month,n_accepted,n_rejected,applications,approval_rate
2007-05,0,49,49,0.0
2007-06,24,289,313,0.07667731629392971
2007-07,63,266,329,0.19148936170212766
2007-08,74,222,296,0.25
2007-09,53,418,471,0.11252653927813164
2007-10,105,982,1087,0.09659613615455381
2007-11,112,1345,1457,0.07687028140013727
2007-12,172,1703,1875,0.09173333333333333
2008-01,305,2876,3181,0.095881798176674
2008-02,306,1926,2232,0.13709677419354838
2008-03,402,3037,3439,0.11689444605990114
2008-04,259,2844,3103,0.08346761198839832
2008-05,115,1196,1311,0.08771929824561403
2008-06,124,1345,1469,0.08441116405718176
2008-07,141,1257,1398,0.10085836909871244
2008-08,100,1265,1365,0.07326007326007326
2008-09,57,1006,1063,0.053621825023518345
2008-10,122,2311,2433,0.05014385532264694
2008-11,209,3295,3504,0.05964611872146119
2008-12,253,3238,3491,0.07247207103981668
2009-01,269,3096,3365,0.07994056463595839
2009-02,302,2657,2959,0.10206150726596823
2009-03,324,4382,4706,0.06884827879303017
2009-04,333,5700,6033,0.055196419691695676
2009-05,359,6607,6966,0.0515360321561872
2009-06,406,7423,7829,0.05185847490100907
2009-07,411,5571,5982,0.0687061183550652
2009-08,446,4201,4647,0.09597589842909404
2009-09,507,5122,5629,0.09006928406466513
2009-10,604,4114,4718,0.12802034760491734
2009-11,662,3965,4627,0.14307326561486924
2009-12,658,4153,4811,0.13676990230721264
2010-01,662,4913,5575,0.11874439461883408
2010-02,682,4879,5561,0.12263981298327639
2010-03,828,6540,7368,0.11237785016286644
2010-04,912,6718,7630,0.11952817824377457
2010-05,989,9112,10101,0.09791109791109791
2010-06,1105,11121,12226,0.09038115491575331
2010-07,1204,11774,12978,0.09277238403451996
2010-08,1175,11365,12540,0.09370015948963317
2010-09,1189,11240,12429,0.0956633679298415
2010-10,1232,11223,12455,0.09891609795262947
2010-11,1224,11781,13005,0.09411764705882353
2010-12,1335,11895,13230,0.10090702947845805
2011-01,1380,13723,15103,0.0913725749851023
2011-02,1298,14716,16014,0.08105407768202823
2011-03,1448,17966,19414,0.07458535077778923
2011-04,1563,17587,19150,0.08161879895561358
2011-05,1704,6380,8084,0.21078673923800098
2011-06,1835,20598,22433,0.0817991352026033
2011-07,1875,22142,24017,0.07806970062872132
2011-08,1934,21298,23232,0.08324724517906336
2011-09,2067,20814,22881,0.09033696079716795
2011-10,2118,19496,21614,0.09799204219487369
2011-11,2232,24027,26259,0.08499942876727978
2011-12,2267,19045,21312,0.106371996996997
2012-01,2602,19755,22357,0.11638413025003355
2012-02,2560,15063,17623,0.14526471088917892
2012-03,2914,21638,24552,0.11868686868686869
2012-04,3230,24870,28100,0.11494661921708185
2012-05,3400,25875,29275,0.1161400512382579
2012-06,3817,26881,30698,0.12434034790540101
2012-07,4627,29238,33865,0.136630739701757
2012-08,5419,28957,34376,0.15763905050034907
2012-09,6087,32860,38947,0.15628931625028886
2012-10,6263,39432,45695,0.13706094758726337
2012-11,6382,36487,42869,0.14887214537311344
2012-12,6066,36221,42287,0.14344834109773688
2013-01,6872,43875,50747,0.13541687193331625
2013-02,7561,36142,43703,0.17300871793698372
2013-03,8273,42945,51218,0.16152524503104376
2013-04,9419,54127,63546,0.14822333427753123
2013-05,10350,59850,70200,0.14743589743589744
2013-06,10899,66976,77875,0.13995505617977527
2013-07,11910,77557,89467,0.1331217096806644
2013-08,12674,77372,90046,0.1407502831885925
2013-09,12987,80611,93598,0.13875296480694033
2013-10,14129,96098,110227,0.12818093570540792
2013-11,14720,35985,50705,0.29030667587022974
2013-12,15020,89404,104424,0.14383666590055927
2014-01,15628,110063,125691,0.12433666690534724
2014-02,15269,94421,109690,0.13920138572340232
2014-03,16513,127394,143907,0.11474771901297366
2014-04,19071,141758,160829,0.11857936068743821
2014-05,19099,146701,165800,0.11519300361881785
2014-06,17179,168237,185416,0.09265111964447513
2014-07,29306,237232,266538,0.1099505511409255
2014-08,18814,203221,222035,0.08473438872249871
2014-09,10606,192251,202857,0.05228313541065874
2014-10,38783,195650,234433,0.1654331941322254
2014-11,25054,147887,172941,0.14487021585396176
2014-12,10307,168885,179192,0.05751930889771865
2015-01,35107,211743,246850,0.142219971642698
2015-02,23770,155639,179409,0.13249056624807004
2015-03,25400,194660,220060,0.11542306643642643
2015-04,35427,209217,244644,0.14481041840388484
2015-05,31913,232100,264013,0.1208766234996004
2015-06,28485,225987,254472,0.11193765915306989
2015-07,45962,263732,309694,0.14841101216039057
2015-08,35886,234307,270193,0.13281617214361585
2015-09,28641,232508,261149,0.10967302191469237
2015-10,48631,288981,337612,0.144044050566923
2015-11,37530,295726,333256,0.11261612694145041
2015-12,44343,314779,359122,0.12347614459710071
2016-01,32366,334928,367294,0.08812014353624072
2016-02,39529,318850,358379,0.11029943160732074
2016-03,61992,442426,504418,0.1228980726302392
2016-04,36432,386183,422615,0.08620612141074027
2016-05,28403,247300,275703,0.10302027906841783
2016-06,33019,363078,396097,0.08336089392244829
2016-07,34696,412072,446768,0.07765999355370125
2016-08,36280,456196,492476,0.07366856455949122
2016-09,28144,404351,432495,0.06507358466571868
2016-10,32772,449300,482072,0.06798154632503028
2016-11,34591,483070,517661,0.06682172309677568
2016-12,36183,472120,508303,0.07118391982734708
2017-01,31835,489828,521663,0.061025988042088475
2017-02,27763,409786,437549,0.06345117918221731
2017-03,37181,480142,517323,0.07187192527685798
2017-04,29683,474768,504451,0.05884218685263782
2017-05,37681,587641,625322,0.06025855479257087
2017-06,38087,602900,640987,0.05941930179551223
2017-07,39415,686011,725426,0.05433359157240022
2017-08,43573,663421,706994,0.06163135755041768
2017-09,39713,657589,697302,0.05695236784061999
2017-10,38151,690301,728452,0.05237270266263254
2017-11,42343,707586,749929,0.056462678466894865
2017-12,38154,622600,660754,0.05774312376466885
2018-01,36347,668618,704965,0.05155858801500784
2018-02,32746,553228,585974,0.05588302552672986
2018-03,38771,653288,692059,0.05602268014721288
2018-04,42928,746146,789074,0.05440300909673871
2018-05,46311,896421,942732,0.04912424740010947
2018-06,41533,799414,840947,0.049388368113567206
2018-07,43089,859790,902879,0.04772400288410739
2018-08,46079,898812,944891,0.04876647147660418
2018-09,39026,826643,865669,0.045081896198200466
2018-10,46305,916557,962862,0.048091003695233586
2018-11,41973,843496,885469,0.04740199826306737
2018-12,40134,834369,874503,0.04589349607720042
